pergunta,resposta,feedback,cidade,timestamp
"vou visitar portimao, o que devo explorar?"," Portimão é uma cidade maravilhosa no coração do Algarve! É um lugar cheio de encantos e aventuras para todos os gostos.

Se preferes a natureza, não perca o Parque Natural da Ria Formosa e as praias de Praia da Rocha e Praia do Oura. A Ria Formosa oferece uma vista espetacular das suas ilhas, com pavoes-rei flutuando sobre as águas claras. As duas praias são ideal para banhos, surf e passeios de barco, com a Praia da Rocha sendo particularmente conhecida pelos seus restaurantes e bares maravilhosos.

Se preferes o mundo da história e da cultura, não deixe de visitar o Castelo de Portimão e a Igreja Matriz de São João Batista. O castelo, construído no século XVII, oferece uma vista imparável sobre a cidade e a Ria Formosa. A igreja é um exemplo maravilhoso do estilo manuelino, com belas pinturas e estátuas que valem a pena ver.

Se preferes passeios à noite, a zona de Praia da Rocha oferece uma variedade de bares e restaurantes para escolher. O clima do Algarve permite passear pela noite todo o ano, então aproveita a oportunidade e desfruta do ambiente lúdico desta cidade maravilhosa!

Este é apenas um pequeno resumo das muitas coisas que podem ser exploradas em Portimão. Mas não se preocupe, sempre haverá mais para descobrir e ver durante a sua visita!",negativo,Desconhecida,2025-06-19T01:45:33.080796
"Vou viajar para Portimão, o que devo explorar?"," A Algarve tem incontáveis locais para explorar! Se estás procurando praias excelentes para ficar em família, o Três Irmãos é a melhor opção. Aqui tens acesso a diversas atividades marítimas como Jetski, caiaque e SUP. Estão próximos ao hotel Pestana e também tem muitas opções de restaurantes e bares por perto.

   Se gostas de golfe, o Algarve é um paraíso para ti! Tem um local ideal para jogar golfe aqui.

   A Praia da Rocha é uma das mais populares do Algarve, com areal extenso e excelente para banhos de sol e mar. É também um bom local para praticar o surf ou simplesmente desfrutar do sol. Conta ainda com restaurantes e bares ao longo da costa.

   Se quiseres uma aventura costeira, não percas o Cruzeiro no Navio Pirata! Navega ao longo da costa num grande barco com sombra, casas de banho e serviço de bar durante este relaxante cruzeiro costeiro em Portimão e explora grutas panorâmicas.

   As Grutas de Benagil são famosas por serem acessíveis por barco ou caiaque, ideais para quem gosta de natureza e aventura junto ao mar.",negativo,Portimão,2025-06-19T02:25:35.941383
"Vou viajar para Portimão, o que devo explorar?","Ótimo amigo! Se estás a pensar no Algarve, temos algumas dicas excelentes que não podem faltar na tua viagem.

Primeiro, tens de ir à Praia dos Três Irmãos. É uma praia maravilhosa para passar com a família e há muitas opções de aluguel de Jetski, caiaque ou SUP. Perto do hotel Pestana, tem muitos restaurantes e bares para disfrutar. Avaliação: 4.8

Em seguida, tens de dar uma olhada ao Golf in Portugal. É um local perfeito para jogar golfe se for um fã desse esporte. Avaliação: 4.8

Também não deixes de visitar a Praia da Rocha, uma das praias mais famosas do Algarve com areal extensivo e perfeito para banhos de sol e mar. Conta também com restaurantes e bares ao longo da costa. É excelente para praticar o surf ou apenas desfrutar do sol. Avaliação: 4.7

Tens que tentar o Cruzeiro no Navio Pirata, um barco grande com sombra, casas de banho e serviço de bar durante este relaxante cruzeiro costeiro em Portimão e explora grutas panorâmicas. Avaliação: 4.7

E por último, não podias deixar de visitar as Grutas de Benagil, famosas grutas acessíveis por barco ou caiaque que são ideais para quem gosta de natureza e aventura junto ao mar. Avaliação: 4.7

Essas são apenas algumas dicas, mas há muito mais a explorar no Algarve!",positivo,Portimão,2025-06-19T02:40:36.260181
"queria fazer caminhadas por portimão, onde posso ir?","Ótimo amigo! Se estás procurando caminhar por Portimão, tenho excelentes notícias para ti!

Tens de dar uma olhada ao Trilho dos Sete Vales Suspensos, um percurso cénico costeiro entre as praias da Marinha e Vale Centeanes. É um local simplesmente incrível para caminhar com vista para as grutas e falésias! A avaliação é de 4.9, o que não é surpresa, pois a paisagem aqui é literalmente impressionante.

Se preferir algo mais tranquilo, também tens o Trilho da Praia do Alemão, um percurso pedonal costeiro com vista sobre falésias e acesso a praias isoladas como a Praia do Alemão e do Vau. É um local ótimo para se sentir próximo à natureza e aproveitar as vistas espectaculares.

Essas são minhas sugestões, amigo! Boa caminhada e boa viagem ao Algarve!",positivo,Portimão,2025-06-19T03:18:20.817187
queria jogar golfe em portimão,"Amigo! Se estás à procura de um pouco de golfe em Portimão, tenho uma dica incrível para ti!

O Golf in Portugal é o local perfeito para jogar golfe se você for um fã desse esporte. Com uma avaliação de 4.8, sabemos que vais ter uma experiência fantástica ali.

E se não quiseres apenas jogar golfe, também tens a opção do Clube Ténis e Padel, onde podes jogar as modalidades de Tenis e Padel. Com uma avaliação de 4.6, é um local muito bem avaliado!

Mas, se preferir algo mais relaxado, o Clube Naval é outra opção incrível! É uma instituição sem fins lucrativos que tem por objectivo a promoção cultural, desportiva e recreativa dos associados. Com uma avaliação de 4.3, sabemos que vais ter um bom tempo ali!

Essas são apenas algumas dicas para ti, amigo! Espero que tenhas um pouco de golfe em Portimão e que aproveites a tua estadia no Algarve!",positivo,Portimão,2025-06-19T03:18:36.155820
"Vou visitar portimão, o que devo explorar?","Amigo! Se você estiver à procura de uma experiência incrível em Portimão, tenho uma dica sensacional para ti!

O Trilho dos Sete Vales Suspensos é um local espetacular que não pode perder. É um caminho cénico costeiro entre as praias da Marinha e Vale Centeanes, com vistas incríveis para as grutas e falésias. Com uma avaliação de 4.9, sabemos que vais ter uma experiência única ali!

E se você quiser passar o dia em família, a Praia dos Três Irmãos é outra opção incrível! É uma praia excelente para ficar em família, com aluguel de Jetski, caiaque e SUP. E ao lado do hotel Pestana, há muitas opções de restaurantes e bares. Com uma avaliação de 4.8, sabemos que vais ter um bom tempo ali!

E se você é um apreciador da culinária tradicional portuguesa, o O Quinto Império é o local perfeito para ti! É um restaurante com pratos regionais e ambiente acolhedor. Com uma avaliação de 4.8, sabemos que vais ter uma experiência deliciosa ali!

E por fim, se você gosta da culinária italiana, Bel Mondo Portimão é outra opção incrível! É um restaurante com pratos autênticos e ambiente elegante. Com uma avaliação de 4.8, sabemos que vais ter uma experiência gastronômica única ali!

Essas são apenas algumas dicas para ti, amigo! Espero que tenhas um pouco de aventura em Portimão e que aproveites a tua estadia no Algarve!",positivo,Portimão,2025-06-19T23:54:03.251313
procuro restaurantes em portimao,"Amigo! Se você estiver à procura de uma experiência deliciosa em Portimão, tenho uma dica sensacional para ti!

O Quinto Império é um restaurante que merece uma visita. Com pratos regionais e ambiente acolhedor, você vai sentir-se como se fosse em casa. E com uma avaliação de 4.8, sabemos que vais ter uma experiência gastronômica incrível ali!

Outra opção incrível é o Bel Mondo Portimão. Se você gosta da culinária italiana, este restaurante é um lugar perfeito para ti. Com pratos autênticos e ambiente elegante, você vai se sentir como se estivesse em uma cidade italiana! E com a mesma avaliação de 4.8 que o Quinto Império, sabemos que vais ter uma experiência incrível ali!

E por fim, se você procura um lugar mais casual para passar o tempo e apreciar as delícias gastronômicas, o Tapas ò Destapas é outra opção incrível! Com tapas deliciosas e ambiente acolhedor, você vai ter uma experiência agradável ali!

Essas são apenas algumas dicas para ti, amigo! Espero que tenhas um pouco de aventura em Portimão e que aproveites a tua estadia no Algarve!",positivo,Portimão,2025-06-20T00:59:08.237549
"vou visitar portimao, o que devo explorar?","Amigo! Se estás à procura de aventura em Portimão, tenho uma dica incrível para ti!

O Trilho dos Sete Vales Suspensos é um local fantástico para caminhar e aproveitar as vistas incríveis da costa. Com uma avaliação de 4.9, sabemos que vais ter uma experiência única ali! Podes desfrutar das grutas e falésias enquanto contemplas o mar ao longe. É um local ideal para famílias ou pessoas que buscam uma atividade relaxante.

E se preferir algo mais próximo do mar, a Praia dos Três Irmãos é um local excelente! Com aluguel de Jetski, caiaque e SUP, tem todas as condições para aproveitar o sol e a água. E, à noite, podes desfrutar das opções de restaurantes e bares ao lado do hotel Pestana. Com uma avaliação de 4.8, sabemos que vais ter um tempo incrível ali!

E, se quiseres algo mais para além da praia, o O Quinto Império é um restaurante que serve cozinha tradicional portuguesa com pratos regionais e ambiente acolhedor. Com uma avaliação de 4.8, sabemos que vais ter um jantar delicioso e agradável! E, se preferir comida italiana, o Bel Mondo Portimão é outro local incrível com pratos autênticos e ambiente elegante. Com uma avaliação de 4.8, sabemos que vais desfrutar do melhor da cozinha italiana!

Espero que tenhas um tempo incrível em Portimão, amigo!",positivo,Portimão,2025-06-20T01:03:27.418050
"vou visitar portimao, o que devo explorar?","Amigo! Se fores visitar Portimão, tens muita coisa boa a descobrir!

Um dos lugares mais incríveis que eu gostaria de recomendar é o Trilho dos Sete Vales Suspensos. É um caminho cénico costeiro entre as praias da Marinha e Vale Centeanes, com vistas incríveis para as grutas e falésias. A avaliação é 4.9, então sabemos que vais ter uma experiência fantástica!

E se estás à procura de um lugar para desfrutar da praia com a família, não percas o Praia dos Três Irmãos! É uma praia excelente para ficar em família, com aluguel de Jetski, caiaque e SUP. E, do lado próximo ao hotel Pestana, tens muitas opções de restaurantes e bares. A avaliação é 4.8, então sabemos que vais ter um tempo incrível!

E não esqueças o O Quinto Império, um restaurante com cozinha tradicional portuguesa e pratos regionais num ambiente acolhedor. Com uma avaliação de 4.8, sabemos que vais desfrutar da comida local!",positivo,Portimão,2025-06-20T01:08:00.208843
"vou visitar portimao, o que devo explorar?","Amigo! Se estás à procura de aventura em Portimão, tenho uma dica incrível para ti! O Trilho dos Sete Vales Suspensos é um local fantástico para caminhar e aproveitar as vistas incríveis da costa. Com uma avaliação de 4.9, sabemos que vais ter uma experiência única ali! Podes desfrutar das grutas e falésias enquanto contemplas o mar ao longe. É um local ideal para famílias ou pessoas que buscam uma atividade relaxante.

E se preferir algo mais próximo do mar, a Praia dos Três Irmãos é um local excelente! Com aluguel de Jetski, caiaque e SUP, tem todas as condições para aproveitar o sol e a água. E, à noite, podes desfrutar das opções de restaurantes e bares ao lado do hotel Pestana. Com uma avaliação de 4.8, sabemos que vais ter um tempo incrível ali!

E, se quiseres algo mais para além da praia, o Golf in Portugal é um local apropriado para jogar golfe. É um lugar ideal para os amantes desse esporte.

E, à noite, podes desfrutar de uma deliciosa refeição em um dos nossos melhores restaurantes. O O Quinto Império é um restaurante que serve cozinha tradicional portuguesa com pratos regionais e ambiente acolhedor. Com uma avaliação de 4.8, sabemos que vais ter um jantar delicioso e agradável! Ou, se preferir comida italiana, o Bel Mondo Portimão é outro local incrível com pratos autênticos e ambiente elegante. Com uma avaliação de 4.8, sabemos que vais desfrutar do melhor da cozinha italiana!

Espero que tenhas um tempo incrível em Portimão, amigo!",positivo,Portimão,2025-06-20T01:10:09.524363
trilhas em portimao,"Amigo! Se estás à procura de aventura em Portimão, tenho uma dica incrível para ti! O Trilho dos Sete Vales Suspensos é um local fantástico para caminhar e aproveitar as vistas incríveis da costa. Com uma avaliação de 4.9, sabemos que vais ter uma experiência única ali! Podes desfrutar das grutas e falésias enquanto contemplas o mar ao longe. É um local ideal para famílias ou pessoas que buscam uma atividade relaxante.

E se preferir algo mais intenso, o Trilho da Praia do Alemão é outro local incrível! Com uma avaliação de 4.7, sabemos que vais ter uma caminhada desafiadora e divertida ao longo da costa. Podes desfrutar das vistas sobre as falésias e acessar praias isoladas como a Praia do Alemão e do Vau. É um local ideal para os amantes da natureza e da aventura!",positivo,Portimão,2025-06-20T01:11:04.808857
"quero visitar portimao, o que devo explorar?","Amigo! Se estás à procura de aventura em Portimão, tenho uma dica incrível para ti!

O Trilho dos Sete Vales Suspensos é um local fantástico para caminhar e aproveitar as vistas incríveis da costa. Com uma avaliação de 4.9, sabemos que vais ter uma experiência única ali! Podes desfrutar das grutas e falésias enquanto contemplas o mar ao longe. É um local ideal para famílias ou pessoas que buscam uma atividade relaxante.

E se preferir algo mais próximo do mar, a Praia dos Três Irmãos é um local excelente! Com aluguel de Jetski, caiaque e SUP, tem todas as condições para aproveitar o sol e a água. E, à noite, podes desfrutar das opções de restaurantes e bares ao lado do hotel Pestana. Com uma avaliação de 4.8, sabemos que vais ter um tempo incrível ali!

E, se quiseres algo mais para além da praia, o Golf in Portugal é um local apropriado para jogar golfe. Embora não tenha uma avaliação específica, sabemos que vais ter um dia divertido e desafiador no campo de golf.

E, finalmente, se estás à procura de um lugar para desfrutar de comida tradicional portuguesa ou italiana, temos dois locais incríveis! O Quinto Império é um restaurante que serve cozinha tradicional portuguesa com pratos regionais e ambiente acolhedor. Com uma avaliação de 4.8, sabemos que vais ter um jantar delicioso e agradável! E, se preferir comida italiana, o Bel Mondo Portimão é outro local incrível com pratos autênticos e ambiente elegante. Com uma avaliação de 4.8, sabemos que vais desfrutar do melhor da cozinha italiana!

Espero que tenhas um tempo incrível em Portimão, amigo!",positivo,Portimão,2025-06-20T01:17:53.943018
"vou a portimao,oque devo explorar"," Olá, amigo! Se estás a procura de algumas boas ideias para explorar Portimao, aqui tens alguns locais fantásticos a recomendar.

Se gostas de caminhar e admirar as belas paisagens da natureza, o Trilho dos Sete Vales Suspensos é um local incrível para percorrer! É um caminho cénico costeiro entre as praias da Marinha e Vale Centeanes, ideal para caminhadas com vista para as grutas e falésias. Avaliação: 4.9.

Se preferes algo mais próximo do mar, a Praia dos Três Irmãos é um local excelente! Com aluguel de Jetski, caiaque e SUP, tem todas as condições para aproveitar o sol e a água. E, à noite, podes desfrutar das opções de restaurantes e bares ao lado do hotel Pestana. Avaliação: 4.8.

Se quiseres algo mais para além da praia, o O Quinto Império é um restaurante que serve cozinha tradicional portuguesa com pratos regionais e ambiente acolhedor. Avaliação: 4.8. E, se preferir comida italiana, o Bel Mondo Portimão é outro local incrível com pratos autênticos e ambiente elegante. Avaliação: 4.8.

Espero que tenhas um tempo incrível em Portimao, amigo!",positivo,Portimão,2025-06-20T14:53:38.465681
vou visitar portimao,"Olá, amigo! Se estás a procura de algumas boas ideias para explorar Portimão, aqui tens alguns locais fantásticos a recomendar!

Se gostas de caminhar e admirar as belas paisagens da natureza, o Trilho dos Sete Vales Suspensos é um local incrível para percorrer! É um caminho cénico costeiro entre as praias da Marinha e Vale Centeanes, ideal para caminhadas com vista para as grutas e falésias. Com uma avaliação de 4.9, não podes perder isso!

E, se quiseres algo mais sofisticado, o NUMA Restaurante é um local incrível! Serve pratos gourmet com ambiente requintado, com uma avaliação de 4.8. E, se preferir comida italiana, o Bel Mondo Portimão é outro local incrível com pratos autênticos e ambiente elegante. Com a mesma avaliação de 4.8, não podes errar!

E, se quiseres algo mais para além da praia, o O Quinto Império é um restaurante que serve cozinha tradicional portuguesa com pratos regionais e ambiente acolhedor. Com uma avaliação de 4.8, é o lugar perfeito para desfrutar de uma refeição deliciosa!

Espero que tenhas um tempo incrível em Portimão, amigo!",positivo,Portimão,2025-06-21T23:15:44.294757
e trilhas em portimao?,"Olá, amigo! Se estás a procura de algumas boas ideias para explorar Portimão, aqui tens alguns locais fantásticos a recomendar.

Se gostas de caminhar e admirar as belas paisagens da natureza, o Trilho dos Sete Vales Suspensos é um local incrível para percorrer! É um caminho cénico costeiro entre as praias da Marinha e Vale Centeanes, ideal para caminhadas com vista para as grutas e falésias. Com uma avaliação de 4.9, é definitivamente um local que não devias perder!

E se preferes algo mais acolhedor, o Trilho da Praia do Alemão é outro local incrível! É um percurso pedonal costeiro com vista sobre falésias e acesso a praias isoladas como a Praia do Alemão e do Vau. Com uma avaliação de 4.7, é um local que certamente vale a pena visitar!

Espero que tenhas um tempo incrível em Portimão, amigo!",positivo,Portimão,
recomenda-me 5 hoteis," Vai, amigo! Se estás a procurar algumas opções de hotel no Algarve que te irão dar um bom momento, eu tenho alguns lugares a recomendar.

1. **Hotel Tivoli Carvoeiro**: É um hotel luxuoso situado em Carvoeiro, uma pequena vila costeira linda com praias de areia. O Tivoli oferece vista para o mar e tem uma piscina no telhado que é incrível!
2. **Pine Cliffs Resort**: Localizado em Albufeira, este resort é um dos melhores do Algarve. É uma propriedade de luxo com várias opções de alojamento, restaurantes e atividades para todos os gostos.
3. **Vila Vita Parc Resort & Spa**: Um hotel 5 estrelas situado em Porches, é conhecido pelo seu excelente serviço e por oferecer uma experiência totalmente integrada com a natureza.
4. **Conrad Algarve**: Este hotel é um dos mais modernos do Algarve e está localizado em Quinta do Lago. Oferece belas suites com vista para o mar e tem um spa incrível onde pode relaxar e se descansar depois de um dia cheio de aventuras.
5. **Solar do Vale**: Situado em Silves, é um hotel rural que combina a beleza da natureza com a conforto de um hotel de luxo. É o ideal para quem gosta de passear por áreas verdes e descobrir as riquezas culturais do Algarve.",positivo,Desconhecida,2025-06-22T14:13:27.174134
